{
 "pass@1": 0.4948308977541402,
 "pass@10": 0.7884179064159967,
 "pass@100": "number of all test cases are less then 100",
 "error_ids": [
  [
   "HumanEval/1",
   [
    0,
    1,
    0,
    0,
    1,
    0,
    0,
    1,
    0,
    0
   ]
  ],
  [
   "HumanEval/8",
   [
    1,
    0,
    0,
    0,
    0
   ]
  ],
  [
   "HumanEval/10",
   [
    1,
    0,
    0,
    0,
    0
   ]
  ],
  [
   "HumanEval/16",
   [
    1,
    1,
    0,
    0,
    0
   ]
  ],
  [
   "HumanEval/21",
   [
    0,
    0,
    0,
    0,
    0
   ]
  ],
  [
   "HumanEval/24",
   [
    1,
    1,
    0,
    0,
    1
   ]
  ],
  [
   "HumanEval/25",
   [
    1,
    1,
    1,
    1,
    0,
    0,
    0,
    0
   ]
  ],
  [
   "HumanEval/27",
   [
    0,
    0,
    0
   ]
  ],
  [
   "HumanEval/30",
   [
    0,
    0,
    0,
    0
   ]
  ],
  [
   "HumanEval/32",
   [
    1,
    1,
    0,
    1,
    0,
    0,
    1,
    0,
    0,
    0,
    1,
    0,
    0,
    0
   ]
  ],
  [
   "HumanEval/33",
   [
    0,
    0,
    0,
    1,
    1,
    1,
    1
   ]
  ],
  [
   "HumanEval/37",
   [
    0,
    0,
    0
   ]
  ],
  [
   "HumanEval/38",
   [
    1,
    1,
    0,
    0,
    0,
    0,
    0
   ]
  ],
  [
   "HumanEval/39",
   [
    0,
    0,
    0,
    0,
    0,
    0,
    0,
    0,
    0,
    0
   ]
  ],
  [
   "HumanEval/41",
   [
    0
   ]
  ],
  [
   "HumanEval/43",
   [
    0,
    0,
    0,
    0,
    0,
    0,
    0,
    0,
    0
   ]
  ],
  [
   "HumanEval/44",
   [
    1,
    1,
    1,
    1,
    1,
    1,
    0,
    0
   ]
  ],
  [
   "HumanEval/45",
   [
    0,
    0,
    0
   ]
  ],
  [
   "HumanEval/46",
   [
    0,
    0,
    0,
    0
   ]
  ],
  [
   "HumanEval/49",
   [
    0,
    0,
    0,
    0,
    0,
    0,
    0
   ]
  ],
  [
   "HumanEval/50",
   [
    1,
    1,
    1,
    0,
    0,
    0,
    0,
    0
   ]
  ],
  [
   "HumanEval/51",
   [
    1,
    1,
    1,
    1,
    1,
    1,
    0
   ]
  ],
  [
   "HumanEval/53",
   [
    1,
    1,
    1,
    1,
    1,
    1,
    0,
    0,
    0
   ]
  ],
  [
   "HumanEval/54",
   [
    0,
    0,
    0,
    1,
    1,
    1,
    1
   ]
  ],
  [
   "HumanEval/55",
   [
    0,
    0,
    0,
    0,
    0
   ]
  ],
  [
   "HumanEval/56",
   [
    1,
    1,
    1,
    1,
    1,
    1,
    0,
    0,
    1,
    0,
    1,
    1
   ]
  ],
  [
   "HumanEval/59",
   [
    0,
    0,
    0,
    0,
    0
   ]
  ],
  [
   "HumanEval/61",
   [
    0,
    0,
    0,
    0,
    0,
    0,
    0,
    0,
    0,
    0,
    0,
    0
   ]
  ],
  [
   "HumanEval/63",
   [
    1,
    1,
    0,
    0,
    0,
    0,
    0
   ]
  ],
  [
   "HumanEval/64",
   [
    0,
    1,
    0,
    1,
    1,
    0,
    1,
    0,
    0,
    1
   ]
  ],
  [
   "HumanEval/65",
   [
    0,
    0,
    0,
    0,
    0,
    0,
    0
   ]
  ],
  [
   "HumanEval/66",
   [
    0,
    1,
    1,
    1,
    1,
    1,
    1,
    1,
    0,
    1,
    1,
    1
   ]
  ],
  [
   "HumanEval/67",
   [
    0,
    0,
    0,
    0,
    0,
    0,
    0,
    0
   ]
  ],
  [
   "HumanEval/68",
   [
    0,
    1,
    1,
    0,
    1,
    1,
    0,
    1,
    1,
    1,
    0,
    1
   ]
  ],
  [
   "HumanEval/69",
   [
    0,
    1,
    0,
    0,
    1,
    1,
    0,
    1,
    1,
    1,
    0,
    1,
    1,
    0,
    1,
    0,
    0,
    1,
    0,
    0,
    0,
    0,
    0,
    1,
    1,
    1,
    0
   ]
  ],
  [
   "HumanEval/70",
   [
    0,
    0,
    0,
    0,
    0,
    0,
    0,
    0,
    0,
    0,
    0,
    1
   ]
  ],
  [
   "HumanEval/71",
   [
    0,
    1,
    1,
    0,
    0,
    0,
    0,
    1,
    0,
    0,
    1
   ]
  ],
  [
   "HumanEval/72",
   [
    0,
    1,
    1,
    1,
    1,
    0,
    1,
    1
   ]
  ],
  [
   "HumanEval/73",
   [
    0,
    1,
    1,
    1,
    1,
    0,
    1,
    1,
    1,
    1
   ]
  ],
  [
   "HumanEval/74",
   [
    0,
    1,
    0,
    0,
    0,
    0,
    0,
    0,
    0,
    0,
    1,
    0,
    0
   ]
  ],
  [
   "HumanEval/75",
   [
    0,
    0,
    0,
    0,
    0,
    0,
    0,
    0,
    0,
    0
   ]
  ],
  [
   "HumanEval/76",
   [
    0,
    0,
    1,
    1,
    0,
    0,
    1,
    1,
    1,
    0,
    1,
    1
   ]
  ],
  [
   "HumanEval/77",
   [
    0,
    0,
    0,
    0,
    0,
    0,
    0,
    0,
    0,
    0
   ]
  ],
  [
   "HumanEval/78",
   [
    0,
    0,
    1,
    0,
    1,
    0,
    0,
    0,
    1
   ]
  ],
  [
   "HumanEval/79",
   [
    0,
    0,
    0,
    0,
    0,
    0,
    0
   ]
  ],
  [
   "HumanEval/80",
   [
    0,
    0,
    0,
    0,
    0,
    0,
    0,
    0,
    0
   ]
  ],
  [
   "HumanEval/81",
   [
    0,
    0,
    1,
    1,
    1,
    1,
    1,
    0,
    1
   ]
  ],
  [
   "HumanEval/82",
   [
    0,
    1,
    1,
    1,
    1,
    1,
    1,
    1,
    1,
    1,
    1,
    1,
    1,
    1,
    0,
    1,
    0,
    0
   ]
  ],
  [
   "HumanEval/83",
   [
    0,
    1,
    0,
    0,
    0,
    0,
    0,
    0,
    1
   ]
  ],
  [
   "HumanEval/84",
   [
    0,
    1,
    1,
    1,
    1,
    0,
    1,
    1,
    1
   ]
  ],
  [
   "HumanEval/85",
   [
    0,
    0,
    0,
    0,
    0,
    0,
    0
   ]
  ],
  [
   "HumanEval/86",
   [
    0,
    1,
    1,
    1,
    1,
    1,
    1,
    1,
    0,
    1
   ]
  ],
  [
   "HumanEval/87",
   [
    0,
    0,
    1,
    1,
    1,
    0,
    0,
    1,
    1,
    1,
    1,
    1,
    1,
    0,
    0,
    1,
    1,
    1,
    1,
    1,
    1,
    1,
    0,
    1,
    1,
    1,
    0,
    1
   ]
  ],
  [
   "HumanEval/88",
   [
    0,
    1,
    1,
    1,
    1,
    1,
    0,
    1,
    1,
    1,
    1
   ]
  ],
  [
   "HumanEval/89",
   [
    0,
    1,
    1,
    1,
    1,
    1,
    1,
    1,
    0,
    1
   ]
  ],
  [
   "HumanEval/90",
   [
    0,
    0,
    0,
    1,
    1,
    0,
    1,
    0,
    0,
    1
   ]
  ],
  [
   "HumanEval/91",
   [
    0,
    0,
    1,
    1,
    1,
    1,
    1,
    0,
    1
   ]
  ],
  [
   "HumanEval/92",
   [
    0,
    1,
    1,
    0,
    1,
    1,
    1,
    1,
    0,
    1,
    1,
    0
   ]
  ],
  [
   "HumanEval/93",
   [
    0,
    0,
    0,
    0,
    0,
    0,
    0,
    0
   ]
  ],
  [
   "HumanEval/94",
   [
    0,
    0,
    0,
    0,
    0,
    0,
    0,
    0,
    0,
    0,
    0,
    0,
    0,
    0,
    0,
    0
   ]
  ],
  [
   "HumanEval/95",
   [
    0,
    0,
    1,
    1,
    1,
    1,
    0,
    0,
    1
   ]
  ],
  [
   "HumanEval/96",
   [
    0,
    0,
    0,
    0,
    1,
    0,
    0,
    0,
    0,
    0
   ]
  ],
  [
   "HumanEval/97",
   [
    0,
    1,
    1,
    1,
    1,
    1,
    1,
    0,
    1,
    1
   ]
  ],
  [
   "HumanEval/98",
   [
    0,
    0,
    0,
    0,
    0,
    0,
    1,
    0,
    0,
    1
   ]
  ],
  [
   "HumanEval/99",
   [
    0,
    1,
    0,
    1,
    1,
    0,
    1
   ]
  ],
  [
   "HumanEval/100",
   [
    0,
    0,
    0,
    0,
    0,
    0,
    0,
    1
   ]
  ],
  [
   "HumanEval/101",
   [
    0,
    1,
    1,
    1,
    1,
    0,
    0,
    1,
    1,
    1
   ]
  ],
  [
   "HumanEval/102",
   [
    0,
    1,
    1,
    1,
    1,
    1,
    1,
    0,
    1,
    1
   ]
  ],
  [
   "HumanEval/103",
   [
    0,
    0,
    0,
    0,
    0,
    0,
    0,
    0,
    0,
    0,
    0,
    0,
    0,
    0
   ]
  ],
  [
   "HumanEval/104",
   [
    0,
    0,
    0,
    0,
    0,
    0,
    1
   ]
  ],
  [
   "HumanEval/105",
   [
    0,
    1,
    1,
    1,
    1,
    0,
    1,
    1,
    1
   ]
  ],
  [
   "HumanEval/106",
   [
    0,
    0,
    1,
    0
   ]
  ],
  [
   "HumanEval/107",
   [
    0,
    0,
    0,
    0,
    0,
    0,
    0,
    0,
    0,
    0
   ]
  ],
  [
   "HumanEval/108",
   [
    0,
    1,
    0,
    0,
    0,
    0,
    0,
    0,
    0,
    0,
    1
   ]
  ],
  [
   "HumanEval/109",
   [
    0,
    0,
    0,
    1,
    0,
    1,
    1
   ]
  ],
  [
   "HumanEval/110",
   [
    0,
    0,
    0,
    0,
    1,
    0,
    1,
    0,
    0
   ]
  ],
  [
   "HumanEval/111",
   [
    0,
    0,
    0,
    0,
    0,
    0,
    0,
    0,
    0,
    0,
    0,
    0
   ]
  ],
  [
   "HumanEval/113",
   [
    0,
    0,
    0,
    0,
    1,
